song,duration_sec,bpm,key,mean_dbfs,dynamic_range_db,sections,analyzed_at
Unknown,233.1,172.3,D major,-11.4,4.7,8,2026-10-01
ぽっぽ♪ポジティブ！！,223.1,120.2,A minor,-12.1,5.3,9,2026-10-01
また会う日まで,227.0,110.0,G major,-10.9,8.8,7,2026-10-01
ろりぽっぷ!!!!!!!,204.7,95.7,C# minor,-12.6,8.8,8,2026-10-01
シーソーゲーム,239.2,120.2,D major,-11.8,8.8,8,2026-10-01
メイク☆マイダンス,178.1,92.3,D# minor,-10.8,6.1,5,2026-10-01
主人公,251.4,95.7,C# major,-13.1,10.8,9,2026-10-01
乙女ロック,195.7,97.5,C major,-12.6,7.1,6,2026-10-01
夏色ラムネ,224.4,97.5,G minor,-13.1,8.8,10,2026-10-01
始まりの宴!!!!!!!,202.1,161.5,G minor,-12.4,8.9,9,2026-10-01
未完成ヒロイン,261.3,139.7,F# major,-11.9,7.4,9,2026-10-01
約束!!!!!!!,215.0,120.2,D major,-12.0,5.8,7,2026-10-01
