song,status,sound_cute_cool,sound_waki_emo,lyrics_cute_cool,lyrics_waki_emo,sound_lyrics_distance,run1_cute_cool,run1_waki_emo,ranking_cute_cool,ranking_waki_emo,built_at
Unknown,確認済み,2.60,2.00,2,2,0.60,2,2,0.9,0.4,2026-10-01
ぽっぽ♪ポジティブ！！,確認済み,-3.00,-3.00,-3,-2,1.00,-3,-3,-2.6,-0.3,2026-10-01
また会う日まで,確認済み,-0.10,1.70,-1,2,0.95,-2,1,-0.1,1.7,2026-10-01
ろりぽっぷ!!!!!!!,確認済み,-2.60,-2.60,-3,-3,0.57,-3,-3,-2.2,-2.2,2026-10-01
シーソーゲーム,確認済み,1.00,-1.00,1,2,3.00,1,-1,2.7,-0.8,2026-10-01
メイク☆マイダンス,2回一致,-2.95,-2.80,-3,-3,0.21,-3,-3,-2.9,-2.6,2026-10-01
主人公,確認済み,2.00,2.30,1,3,1.22,-1,2,2,2.3,2026-10-01
乙女ロック,確認済み,-1.60,-1.20,-1,-1,0.63,-2,-1,-1.2,-1.4,2026-10-01
夏色ラムネ,2回一致,-1.85,1.00,-2,3,2.01,-2,1,-1.7,1,2026-10-01
始まりの宴!!!!!!!,2回一致,-1.30,-2.45,-1,-3,0.63,-2,-2,-0.6,-2.9,2026-10-01
未完成ヒロイン,確認済み,1.00,2.00,1,3,1.00,1,2,1.4,2.8,2026-10-01
約束!!!!!!!,確認済み,-0.80,-1.90,-2,-2,1.20,-2,-2,0.4,-1.8,2026-10-01
