date,event,venue,setlist
2024-11-16,"『ろりぽっぷ‼︎‼︎‼︎デビューライブ🍭』","（会場未記載）","00 SE;01 ろりぽっぷ!!!!!!;02 mc;03 HELLO;04 キミノセイ、;05 アタックサイン;06 mc;07 推し事〜女の子アイドルオタクあるある〜;08 むげんの☆Lambie;09 SHINY DAYS;10 ろりぽっぷ!!!!!!;11 mc"
2024-11-19,"ゆえない定期公演 “You and I” Vol.8","DESEO mini with VV","01.SE;02.HELLO;03.むげんの★ Lambie;04.MC;05.推し事 ~女の子アイドルオタクあるある~;06.キミノセイ、;07.ろりぽっぷ!!!!!!"
2024-11-23,"ICOLONY IDOL LIVE 75 // DAY1","GOTANDA G2","01.SE;02.キミノセイ、;03.ShinyDays;04.MC;05.むげんの★ Lambie;06.アタックサイン;07.ろりぽっぷ!!!!!!"
2024-11-24,"「ろりぽっぷ!!!!!!ワンコインライブ✨」","アイドルステージ(ドン・キホーテ5階)","01 SE;02 mc;03 SHINY DAYS;04 アタックサイン;05 HELLO;06 推し事〜女の子アイドル オタクあるある〜;07 ろりぽっぷ!!!!!!;08 mc"
2024-11-27,"「IとK」の口実 vol.1","新宿ACE","01.SE;02.HELLO;03.推し事~女の子アイドルオタクあるある~;04.MC;05.むげんの★ Lambie;06.キミノセイ、;07.ろりぽっぷ!!!!!!"
2024-11-30,"ai*ai天城芹華生誕祭2024","ALTA Key Studio","01.SE;02.推し事;03.ShinyDays;04.キミノセイ、;05.HELLO;06.ろりぽっぷ!!!!!!"
2024-12-01,"STABLE IDOL FESTIVAL Vol.6","横浜B.B.STREET","01.SE;02.HELLO;03.ShinyDays;04.むげんの★ Lambie;05.推し事;06.ろりぽっぷ!!!!!!"
2024-12-01,"「ABC IDOL」","YOKOHAMA COAST garage+","01.SE;02.アタックサイン;03.SHINY DAYS;04.HELLO;mc;05.推し事;06.むげんの☆Lambie;07.キミノセイ、;08.ろりぽっぷ!!!!!!;mc"
2024-12-07,"「はなまるっ Vol.60」","浅草VAMPKIN","01.SE;02.ろりぽっぷ!!!!!!;03.アタックサイン;04.キミノセイ、;05.ShinyDays"
2024-12-14,"アビライズpresents A-FES 2024（ABIRAISE FES 2024）〜KABUKUZE!! 倉川さいか生誕ZONEもあるYO!!〜","浅草VAMPKIN","01.SE;02.HELLO;03.キミノセイ、;04.アタックサイン;05.むげんの★ Lambie;06.ろりぽっぷ!!!!!!"
2024-12-15,"『SHINJUKU iDOL SONIC』","新宿APEXIA（アペクシア）","01.SE;02.キミノセイ、;03.アタックサイン;04.HELLO;05.ろりぽっぷ!!!!!!"
2024-12-21,"「2曲新お披露目!!クリスマス主催‼︎」","アイドルステージ新宿","01 SE;02 END THE WORLD;03 ろりぽっぷ!!!!!!;04 mc;05 サクラロード;06 SHINY DAYS;07 推し事〜女の子アイドルオタクあるある〜;08 むげんの☆Lambie;09 mc"
2024-12-22,"Killer Tune SHIBUYA 2024 Christmas SP","GARRET udagawa","01  SE;02 ろりぽっぷ!!!!!!;03 アタックサイン;04 サクラロード;05 キミノセイ、"
2024-12-22,"IDOL SODA Stream!! クリスマスSPラクガキ企画presents","なかのZERO小ホール","01 SE;02 HELLO;03 アタックサイン;04 ろりぽっぷ!!!!!!;05 END THE WORLD;06 サクラロード;07 むげんの☆Lambie;08 推し事"
2024-12-24,"#拡散Φ輝望 vol.188〜浅草くりすますいぶ〜","浅草VAMPKIN","01.SE;02.キミノセイ、;03.END THE WORLD;04.HELLO;05.ろりぽっぷ!!!!!!;06.mc"
2024-12-28,"「はなまるっ Vol.64」","新宿ZircoTokyo","01.SE;02.むげんの★ Lambie;03.アタックサイン;04.HELLO;05.ろりぽっぷ!!!!!!;06.mc"
2024-12-29,"Killer Tune SHIBUYA 2024 年末SP Vol.1（1本目）","SHIBUYA CYCLONE / GARRET udagawa ほか","01 SE;02 ろりぽっぷ!!!!!!;03 推し事;04 HELLO;05 サクラロード;06 アタックサイン;07 SHINY DAYS;08 mc"
2024-12-29,"Killer Tune SHIBUYA 2024 年末SP Vol.1（2本目）","SHIBUYA CYCLONE / GARRET udagawa ほか","01 SE;02 サクラロード;03 むげんの☆Lambie;04 mc;05キミノセイ、;06 END THE WORLD;07 ろりぽっぷ!!!!!!;08 アタックサイン;09 mc"
2024-12-30,"Killer Tune SHIBUYA 2024 年末SP Vol.2（1本目）","SHIBUYA CYCLONE / GARRET udagawa","01 SE;02 アタックサイン;03 キミノセイ、;04 むげんの☆Lambie;05 END THE WORLD;06 ろりぽっぷ!!!!!!;07 mc"
2024-12-30,"Killer Tune SHIBUYA 2024 年末SP Vol.2（2本目）","SHIBUYA CYCLONE / GARRET udagawa","01 SE;02 ろりぽっぷ!!!!!!;03 推し事;04 サクラロード;05 SHINY DAYS;06 HELLO;07 むげんの☆Lambie;08 mc"
2024-12-31,"Killer Tune SHIBUYA 2024 ALL NIGHT SP","GARRET udagawa","01 SE;02 キミノセイ、;03 推し事;04 むげんの☆Lambie;05 END THE WORLD;06 アタックサイン;07 サクラロード;08 SHINY DAYS ;09 ろりぽっぷ!!!!!!;10 mc"
2025-01-01,"「推しと迎春！NEW YEAR LIVE 2025」","duo MUSIC EXCHANGE","01.SE;02.キミノセイ、;03.サクラロード;04.むげんの★ Lambie;05. ろりぽっぷ!!!!!!;06.mc"
2025-01-08,"Untitled SPECIAL 4MAN LIVE","青山RizM","01.SE;02.推し事〜女の子アイドルオタクあるある〜;03.HELLO;04.サクラロード;05.SHINY DAYS;06.アタックサイン;07.ろりぽっぷ!!!!!!;08.むげんの☆Lambie;09 mc"
2025-01-11,"ろりぽっぷ!!!!!!夏川茉夢～おまゆ生誕祭 2025～","新宿ACE","01 SE;02 HELLO;03 mc;04 ろりぽっぷ!!!!!! ;05 キミノセイ、;06 『みかん』モーニング娘。 まゆソロ;07 全員カバー;08 mc;09 END THE WORLD ;10 アタックサイン;11 SHINY DAYS;12 mc"
2025-01-12,"Killer Tune AKABANE 2025 SP LIVE（新曲お披露目します）","赤羽ReNYα","01 SE;02 キミノセイ、;03 アタックサイン;04 mc;05 ぽっぽ♪ポジティブ!!←新曲✨;06 推し事〜女の子アイドルオタクあるある〜;07 SHINY DAYS;08 ろりぽっぷ!!!!!!"
2025-01-13,"⚠️動員超重要⚠️『IDOL SQUARE presents SQUARE PARTY13』","KANDA SQUARE HALL","01 SE;02 ろりぽっぷ!!!!!!;03 キミノセイ、;04 アタックサイン;05 SHINY DAYS;06 mc"
2025-01-18,"～🩵まう生誕祭2025🪽～（JSON: ~まう生誕際~）","新宿ACE","00.SE;01.MADOROMI;02.むげんの☆Lambie;03.ろりぽっぷ!!!!!!;04.ぽっぽ♪ポジティブ!!;05.mc"
2025-01-19,"【アイドルマリアージュVol.11】","（会場未記載）","01SE;02キミノセイ、;03ぽっぽ♪ポジティブ！！;05むげんの★ Lambie;06ろりぽっぷ!!!!!!"
2025-01-19,"『SHINJUKU iDOL SONIC』","（会場未記載）","01SE;02ぽっぽ♪ポジティブ！！;03SHINY DAYS;04むげんの★Lambie;05キミノセイ、;06ろりぽっぷ!!!!!!"
2025-01-25,"紫流まれん生誕祭","DESEO mini with VV","01.SE;02.ぽっぽ♪ポジティブ！！;03.キミノセイ、;04.ろりぽっぷ!!!!!!;05.推し事 ~女の子アイドルオタクあるある~"
2025-01-26,"「はなまるっ Vol.67」（1本目）","シアターマーキュリー新宿","01 SE;02 ろりぽっぷ!!!!!!;03 HELLO;04 キミノセイ、;05 ぽっぽ♪ポジティブ！！;mc"
2025-01-26,"DJテツ△キッド presents YAVAMiX TOKYO-LIVE and DJ MiX PARTY-（2本目）","東京Shinjuku HEIST","01 SE;02 むげんの★ Lambie;03 アタックサイン;04 ぽっぽ♪ポジティブ！！;05 ろりぽっぷ!!!!!!;mc"
2025-01-26,"ACTION FOR THE FUTURE 〜アイドルの力で地球を救う！〜 Vol.6（3本目）","新宿ReNY","01 SE;02 推し事 ~女の子アイドルオタクあるある~ ;03 ぽっぽ♪ポジティブ！！;04 キミノセイ、;05 ろりぽっぷ!!!!!!;mc"
2025-02-01,"MONSTER PARADEE Vol.120 =八木椛バースデーライブ= 20歳はじめてのおつかい","GOTANDA G4","01.SE;02.ぽっぽ♪ポジティブ！！;03.ろりぽっぷ!!!!!!;04.MC;05.SHINYDAYS;06.推し事〜女の子アイドルオタクあるある~;07.MC"
2025-02-02,"「はなまるっ Vol.69～ツインテールの日SP～」","新宿ZircoTokyo","01 SE;02 アタックサイン;03 キミノセイ、;04 ぽっぽ♪ポジティブ!!;05 むげんの☆Lambie;06 mc"
2025-02-07,"Icon♡Republic #アイリパ vol.2","新宿DHNoA","01.SE;02.推し事 ~女の子アイドルオタクあるある~;03.キミノセイ、;04. むげんの★ Lambie;05.ぽっぽ♪ポジティブ！！;06.MC"
2025-02-08,"IDOL SODA Stream!!","なかの ZERO 小ホール","01.SE;02.ぽっぽ♪ポジティブ！！;03.HELLO;04.キミノセイ、;05.ろりぽっぷ!!!!!!!;06.MC"
2025-02-09,"Girls Face in VAMPKIN（1本目）","浅草VAMPKIN","01.SE;02.ろりぽっぷ!!!!!!;03.ぽっぽ♪ポジティブ！！;04.推し事 ~女の子アイドルオタクあるある~;05.キミノセイ、"
2025-02-09,"「Girls Party vol.38」（2本目）","渋谷RING","01.SE;02.SHINYDAYS;03.ろりぽっぷ!!!!!!;04.アタックサイン;05.ぽっぽ♪ポジティブ！！;06.MC"
2025-02-11,"「はなまるっ Vol.70～全組25分SP～」","浅草VAMPKIN","01 推し事〜女の子アイドルオタクあるある〜;02 サクラロード;03 HELLO;04 ぽっぽ♪ポジティブ!!;05ろりぽっぷ!!!!!!;06アタックサイン;mc"
2025-02-12,"あなーきーといっしょ","渋谷WWW","SE;01 アタックサイン;02 キミノセイ、;MC;03 ぽっぽ♪ポジティブ!!;04 SHINY DAYS;05 ろりぽっぷ!!!!!!;MC"
2025-02-15,"GOKI-GENフェス","HADO ARENAお台場","01 SE;02 ろりぽっぷ!!!!!!;03 キミノセイ、;04 ぽっぽ♪ポジティブ！！;05 SHINY DAYS;06 mc"
2025-02-16,"愛月まな生誕祭 mana tea time","SHIBUYA TAKE OFF 7","00 SE;01 キミノセイ;02 推し事;03 サクラロード;mc;04 はにかみショート カバー曲;05 ろりぽっぷ!!!!!!;06 ぽっぽ♪ポジティブ!!;mc"
2025-02-20,"TOKYO GIRLS GIRLS extra!!","渋谷duo MUSIC EXCANGE","SE;01 推し事 ~女の子アイドルオタクあるある~;02 キミノセイ、;03ろりぽっぷ!!!!!!;MC"
2025-02-22,"アビライズpresents A-FES 2025 WINTER（1本目）","浅草VAMPKIN","01 ろりぽっぷ!!!!!!;02 キミノセイ、;03 END THE WORLD;04 ぽっぽ♪ポジティブ！！;05 SHINYDAYS;06 推し事 ~女の子アイドルオタクあるある~;mc"
2025-02-22,"「はなまるっ Vol.71～猫の日SP～」（2本目）","新宿ZircoTokyo","01 推し事 ~女の子アイドルオタクあるある~;02 HELLO;03 キミノセイ、;04 ぽっぽ♪ポジティブ！！;05 むげんの★ Lambie;06 ろりぽっぷ!!!!!!;mc"
2025-02-23,"冠Fes-カンフェス-","Zirco Tokyo","SE;01 ぽっぽ♪ポジティブ！！;02 キミノセイ、;03 HELLO;04 ろりぽっぷ!!!!!!;MC"
2025-02-24,"「はなまるっ Vol.72～全組25分SP～」（1本目）","浅草VAMPKIN","SE;01 キミノセイ、;02 ろりぽっぷ!!!!!!;03 推し事 ~女の子アイドルオタクあるある~;04 アタックサイン;05 ぽっぽ♪ポジティブ！！;06 SHINYDAYS;MC"
2025-02-24,"「すこふぇす」（2本目）","渋谷近未来会館","SE;01 ろりぽっぷ!!!!!!;MC;02 むげんの★ Lambie;03 ぽっぽ♪ポジティブ！！;MC"
2025-02-26,"Untitled SPECIAL 4MAN LIVE（ライブ予定）","青山RizM","01 SE;02 HELLO;03 サクラロード;04 むげんの☆Lambie;05 アタックサイン;06 ぽっぽ♪ポジティブ！！;07 SHINY DAYS;08ろりぽっぷ!!!!!!;09mc"
2025-03-01,"choa♡me（1本目）","原宿GE Theater","SE;01 ろりぽっぷ!!!!!!;MC;02 推し事〜女の子アイドルオタクあるある〜;03 むげんの☆Lambie;04 キミノセイ、;MC"
2025-03-01,"『４WAY CIRCUS』（2本目）","池袋リヴォイス","SE;01 ろりぽっぷ!!!!!!;02 アタックサイン;03 キミノセイ、;04 ぽっぽ♪ポジティブ！！;MC"
2025-03-02,"SHIBUYA iDOL SONIC","渋谷DESEO mini","01. SE;02.ぽっぽ♪ポジティブ！！;03.キミノセイ、;04.推し事 ~女の子アイドルオタクあるある~;05.HELLO;06.ろりぽっぷ!!!!!!"
2025-03-02,"「JOY FES!!」","渋谷RING","01.SE;02.むげんの★ Lambie;03.推し事 ~女の子アイドルオタクあるある~;04.ぽっぽ♪ポジティブ！！;05.ろりぽっぷ!!!!!!"
2025-03-15,"「はなまるっ Vol.74～全組25分SP～」","新宿ZircoTokyo","01.HELLO;02.むげんの★ Lambie;03.キミノセイ、;04.ろりぽっぷ!!!!!!;05.推し事 ~女の子アイドルオタクあるある~;06.ぽっぽ♪ポジティブ！！"
2025-03-16,"「はなまるっ Vol.75」","吉祥寺 CLUB SEATA","01.SE;02.ぽっぽ♪ポジティブ！！;03.MC;04. むげんの★ Lambie;05.サクラロード;06.ろりぽっぷ!!!!!!;07.MC"
2025-03-16,"#ワンミリ","渋谷音楽堂","01.SE;02アタックサイン;03.ろりぽっぷ!!!!!!;04.むげんの★ Lambie;05.END THE WORLD;06.キミノセイ、;07.推し事;08.ぽっぽ♪ポジティブ！！;09.MC"
2025-03-18,"下々ノ屋presents Fusion of Flavor主催定期","下北沢MOSAiC","01 SE;02 HELLO;03サクラロード;04 MC;05 ぽっぽ♪ポジティブ！！;06 ろりぽっぷ!!!!!!;07 キミノセイ、;08 MC"
2025-03-20,"Killer Tune SHIBUYA 2025 ～プリファン結成10周年記念SP～（1本目）","SHIBUYA CYCLONE","01 推し事;02 むげんの☆Lambie;03 MC;04 ぽっぽ♪ポジティブ！！;05 アタックサイン;06 ろりぽっぷ!!!!!!;07 SHINY DAYS"
2025-03-20,"「SHINJUKU iDOL SONIC」（2本目）","新宿APEXIA","01 SE;02 アタックサイン;03 キミノセイ、;04 ぽっぽ♪ポジティブ！！;05 ろりぽっぷ!!!!!!;06 MC"
2025-03-22,"「はなまるっ Vol.76～全組25分SP～」（1本目）","浅草VAMPKIN","01 むげんの★ Lambie;02 キミノセイ、;03 END THE WORLD;04 HELLO;05 推し事 ~女の子アイドルオタクあるある~;06 ろりぽっぷ!!!!!!;MC"
2025-03-22,"「Galaxy SUPER LIVE」（2本目）","秋葉原Galaxy","SE;01 推し事 ~女の子アイドルオタクあるある~;02 ろりぽっぷ!!!!!!;03 ぽっぽ♪ポジティブ！！;MC"
2025-03-23,"IDOL SODA Stream!! 春爛漫SP","なかのZEROホール","01.SE;02.ろりぽっぷ!!!!!!;03.キミノセイ、;04.ぽっぽ♪ポジティブ！！;05.MC"
2025-03-29,"『無銭大好きマン』","池袋SOUNDPEACE","01 SE;02 ぽっぽ♪ポジティブ！！;03 むげんの☆Lambie;04 ろりぽっぷ!!!!!!;05 MC"
2025-03-30,"ろりぽっぷ!!!!!!1stワンマンライブ「始まりの宴!!!!!!」","代官山UNIT","①～カウンドダウン映像～;01 SE;02 ろりぽっぷ!!!!!!;03 HELLO;04 アタックサイン;05 むげんの☆Lambie;06 MC;07 Step and Shout;08 MADOROMI;09 END THE WORLD;10 サクラロード;11 始まりの宴!!!!!!(新曲)🆕;12 MC;13正解の方程式 🆕;14 MY DREAM MY LIFE 🆕;15 推し事〜女の子アイドルオタクあるある〜;16 キミノセイ、;17 ぽっぽ♪ポジティブ！！;18 MC;～アンコール～;19 SHINY DAYS;20 ぽっぽ♪ポジティブ！！;21 MC;📸写真撮影;～Ｗアンコール～;22 始まりの宴(新曲);▶︎③映像 あみ新メンバー💚;23"
2025-04-05,"「ろりぽっきゅべる!! Vol.1」","Shibuya eggman","01 SE;02 ろりぽっぷ!!!!!!;03 キミノセイ、;04 MC;05 正解の方程式;06 MY DREAM MY LIFE;07 始まりの宴;08 MC"
2025-04-05,"#ワンミリ「1million IDOL EXPO」","渋谷音楽堂","01 SE;02 サクラロード;03 むげんの☆Lambie;04 ろりぽっぷ!!!!!!;05 SHINY DAYS;06 MC"
2025-04-05,"Killer tune Extra","赤羽 ReNY alpha","01 SE;02 ろりぽっぷ!!!!!!;02 推し事〜女の子アイドルオタクあるある〜;03ぽっぽ♪ポジティブ！！;04 アタックサイン;05 始まりの宴"
2025-04-11,"Icon♡Republic #アイリパ vol.4","新宿DHNoA","01.SHINYDAYS;02.ろりぽっぷ!!!!!!;03.MY DREAM MY LIFE;04.ぽっぽ♪ポジティブ！！;05.始まりの宴!!!!!!;06.MC"
2025-04-13,"「RocKets Live in LABI1高崎」","ヤマダデンキLABI1","00 SE;01 ろりぽっぷ!!!!!!!;02  SHINY DAYS;03 推し事;04ぽっぽ♪ポジティブ!!;05 始まりの宴!!!!!!!;mc"
2025-04-14,"単独ライブ（1部）","新宿アイドルステージ","01 SE;02 サクラロード;03 HELLO;04 ろりぽっぷ!!!!!!;05 MADOROMI;06 始まりの宴;07 MC(ろりぽっぷ!!!!!!)"
2025-04-14,"単独ライブ（2部）","新宿アイドルステージ","01 SE;02 推し事〜女の子アイドルオタクあるある〜;03 正解の方程式;04 ろりぽっぷ!!!!!!;05 MC;06 🍭ソロコーナー(;07 MY DREAM MY LIFE;08アタックサイン;09 キミノセイ、;10 ぽっぽ♪ポジティブ！！;11 MC"
2025-04-17,"TOKYO GIRLS GIRLS extra!! 昼帯","Veats Shibuya","01.SE;02.始まりの宴!!!!!!;03.キミノセイ、;04.ろりぽっぷ!!!!!!;05.MC"
2025-04-19,"「はなまるっ Vol.80～全組30分SP～」","シアターマーキュリー新宿","SE;01 キミノセイ、;02 ぽっぽ♪ポジティブ！！;03 ろりぽっぷ!!!!!!;04 SHINY DAYS;05 始まりの宴;06 むげんの☆Lambie;07 HELLO;MC"
2025-04-20,"『SHINJUKU iDOL SONIC』（1本目）","新宿APEXIA（アペクシア）","01.むげんの★ Lambie;02.正解の方程式;03.アタックサイン;04.ろりぽっぷ!!!!!!!;05.キミノセイ、;06.始まりの宴!!!!!!;MC"
2025-04-20,"Killer Tune SHIBUYA 2025 Vol.60（2本目）","SHIBUYA CYCLONE / GARRET udagawa","01 始まりの宴;02 MY DREAM MY LIFE;03 推し事;04 ぽっぽ♪ポジティブ！！;05 ろりぽっぷ!!!!!!;MC"
2025-04-21,"ビアガーデンライブ","ビアガーデンマイアミ高島屋大宮店","01 SE;02 ろりぽっぷ!!!!!!;03アタックサイン;04 MC;05 ぽっぽ♪ポジティブ！！;06 MADOROMI;07 始まりの宴;08 MC"
2025-04-22,"CHOTTO FES mini","渋谷近未来会館","01.END THE WORLD;02.ろりぽっぷ!!!!!!;03.SHINYDAYS;04.始まりの宴!!!!!!!;05.MC"
2025-04-26,"【Monsters of idol】","上野恩賜公園野外ステージ","SE;01 ろりぽっぷ!!!!!!;02 HELLO;03 ぽっぽ♪ポジティブ！！;04 始まりの宴;05 SHINY DAYS;MC"
2025-04-27,"『ライブジム 第20弾』","渋谷スターラウンジ","01.SE;02.正解の方程式;03.MC;04.ぽっぽ♪ポジティブ！！;05.MY DREAM MY LIFE;06.むげんの★Lambie;07.MC"
2025-04-29,"「はなまるっ Vol.82」（1本目）","浅草VAMPKIN","01.SE;02.キミノセイ、;03.アタックサイン;04.HELLO;05.始まりの宴!!!!!!!"
2025-04-29,"モンスター・パレード Vol.12（2本目）","秋葉原ZEST","01.SE;02.始まりの宴!!!!!!!;03.サクラロード;04.ぽっぽ♪ポジティブ!!;05.MADOROMI;06.ろりぽっぷ!!!!!!"
2025-05-04,"新体制お披露目ライブ","赤羽ReNY alpha","01 新SE;02 始まりの宴;03 推し事〜女の子アイドルオタクあるある〜;04 MC;05 Say Hello‼︎;06 むげんの☆Lambie;07 ぽっぽ♪ポジティブ！！;08 MC;09 SHINY DAYS;10 MY DREAM MY LIFE;11 ろりぽっぷ!!!!!!!;12 MC"
2025-05-05,"ファミリーフェスティバル","JR蒲田駅東口","01.SE;02.ぽっぽ♪ポジティブ！！;03.MC;04.むげんの★ Lambie;05.Say Hello!!;06.始まりの宴!!!!!!"
2025-05-05,"KAWAII PARTY","TOKYO FM HALL","01.SE;02.ろりぽっぷ!!!!!!;03.MY DREAM MY LIFE;04.ぽっぽ♪ポジティブ！！;05.MC"
2025-05-06,"カラオケまねきねこ渋谷本店カラオケイベント","カラオケまねきねこ渋谷本店ライブルーム","01 SE;02 ぽっぽ♪ポジティブ！！;03 ろりぽっぷ!!!!!!!;04 始まりの宴;05 MC;06 ぽっぽ♪ポジティブ！！;07 MC"
2025-05-11,"『水乃なり生誕祭…だけど、みんなが主役のお祭りパーティ♡』（1本目）","sound space DEEP","SE;01 始まりの宴;02 HELLO;03 Say Hello‼︎;04 SHINY DAYS;MC"
2025-05-11,"『水乃なり生誕祭…だけど、みんなが主役のお祭りパーティ♡』（2本目）","sound space DIVA","SE;01 ろりぽっぷ!!!!!!!;02 むげんの☆Lambie;03 MY DREAM MY LIFE;04 推し事〜女の子アイドルオタクあるある〜;05 ぽっぽ♪ポジティブ！！;06 始まりの宴;MC"
2025-05-14,"「ろりぽっぷ!!!!!!!主催対バンライブ」","秋葉原コズミックラボ","SE;01 HELLO;02 MY DREAM MY LIFE;03 始まりの宴!!!!!!!;04 推し事~女の子アイドルオタクあるある~;05 Say Hello!!;06 むげんの★ Lambie;07 ぽっぽ♪ポジティブ！！;MC"
2025-05-17,"1Million IDOL EXPO「#ワンミリ」","渋谷音楽堂","01.SE;02.推し事 ~女の子アイドルオタクあるある~;03.Say Hello!!;04.ぽっぽ♪ポジティブ！！;05.ろりぽっぷ!!!!!!!;06.SHINYDAYS"
2025-05-18,"初ちひろ7th Anniversary Event「777 -Lucky Seven-」","目黒鹿鳴館","SE;01 SHINY DAYS;02 始まりの宴;03 MY DREAM MY LIFE;04 HELLO;05 ぽっぽ♪ポジティブ！！;06 ろりぽっぷ!!!!!!!;MC"
2025-05-22,"『すぅねむ生誕祭～眠気解体新書2025！～』","下北沢シャングリラ","SE;01 ろりぽっぷ!!!!!!!;MC;02 推し事;03 ぽっぽ♪ポジティブ！！;MC;04 HELLO;05 Say Hello!!;06 むげんの★ Lambie;07 SHINYDAYS"
2025-05-24,"『ろりぽっぷ!!!!!!!×LapisBell ツーマンライブvol.1』","新宿ナインスパイス","SE;01ろりぽっぷ!!!!!!!;MC;🍬シャッフル企画🍬;02 LapisBell / JewelryBox;03推し事;04HELLO;05Say Hello‼︎;06JewelryBox;MC"
2025-05-25,"はなまるっ Vol.86～全組25分SP～（1本目）","浅草VAMPKIN","SE;01 HELLO;02 始まりの宴!!!!!!!;MC;03 むげんの★ Lambie;04 MY DREAM MY LIFE;05 ぽっぽ♪ポジティブ！！;MC"
2025-05-25,"BS日テレ冠企画争奪バトル（2本目）","カラオケまねきねこ渋谷本店","SE;01ぽっぽ♪ポジティブ！！;02始まりの宴;03SHINY DAYS;MC;04ぽっぽ♪ポジティブ！！;MC"
2025-05-31,"「はちゃめちや BIGBANG RIZIN★G7 いんぱくとっ‼︎」（1本目）","五反田G7","SE;01ろりぽっぷ!!!!!!;MC;02Say Hello‼︎;03MY DREAM MY LIFE;04推し事〜女の子アイドルオタクあるある〜;MC"
2025-05-31,"癒着の極み vol.10（2本目）","HOLIDAY SHINJUKU","SE;01始まりの宴;02HELLO;03ぽっぽ♪ポジティブ！！;04SHINY DAYS;MC"
2025-06-01,"「はなまるっ Vol.88～全組30分SP～」","新宿ZircoTokyo","SE;01Say Hello‼︎;02むげんの☆Lambie;03推し事;MC;04ろりぽっぷ!!!!!!!;05SHINY DAYS;06ぽっぽ♪ポジティブ！！;07始まりの宴;MC"
2025-06-02,"ろりぽっぷ!!!!!!!単独ライブ（1部）","新宿HEADPOWER","SE;01 ろりぽっぷ!!!!!!!;MC;02 HELLO;03 むげんの★Lambie;04 SHINY DAYS;MC"
2025-06-02,"ろりぽっぷ!!!!!!!単独ライブ（2部）","新宿HEADPOWER","ラジオ体操;始まりの宴;◯×クイズ;飴入れMY DREAM MY LIFE;飴投げSay Hello‼︎;ぽっぽ♪ポジティブ！！;MC（プチ運動会企画）"
2025-06-07,"⚠️HYPE IDOL! × AGE FES!動員⚠️","品川グランドホール","SE;01 ぽっぽ♪ポジティブ！！;02 ろりぽっぷ!!!!!!!;MC"
2025-06-08,"LUNCH KIDS主催超！大盛り主催ライブ！「やれんのかって!!!!」","神田CLUB F#","SE;01 ろりぽっぷ!!!!!!;02 推し事;03 むげんの☆Lambie;04 ぽっぽ♪ポジティブ！！;05 始まりの宴;MC（2本目）"
2025-06-08,"Killer Tune SHIBUYA 2025 SP LIVE","GARRET udagawa","SE;01 HELLO;02 ぽっぽ♪ポジティブ！！;03 MY DREAM MY LIFE;04 SHINY DAYS;05 始まりの宴;06 Say Hello!!;MC"
2025-06-14,"Killer Tune SHIBUYA 2025 SP LIVE in Shibuya eggman","Shibuya eggman","SE;01 HELLO;02 MY DREAM MY LIFE;03 始まりの宴!!!!!!!;04 推し事 ~女の子アイドルオタクあるある~;05 むげんの★Lambie;06 ぽっぽ♪ポジティブ！！;MC（2本目）"
2025-06-14,"「はなまるっ Vol.90」","浅草VAMPKIN","SE;01 Say Hello!!;02 ぽっぽ♪ポジティブ！！;03 ろりぽっぷ!!!!!!;04 SHINY DAYS;05 始まりの宴;MC（1本目）"
2025-06-15,"ライブジム 第27弾","新宿WALLY","SE;01 ろりぽっぷ!!!!!!!;02 HELLO;03 ぽっぽ♪ポジティブ！！;MC"
2025-06-17,"【GOTANDA IDOL FRONTIER-0617-】","五反田G4","SE;01 推し事〜女の子アイドルオタクあるある〜;MC;02 Say Hello‼︎;03 むげんの☆Lambie;04 SHINY DAYS;MC"
2025-06-21,"『trend continue主催 supported by SUPER IDOL×ライブジム』","浅草VAMPKIN","SE;01 ぽっぽ♪ポジティブ！！;02 MY DREAM MY LIFE;03 始まりの宴;MC"
2025-06-22,"お姫ぱ〜てぃ〜2025-姫杏朝香生誕祭","SHIBUYA CYCLONE","～カバー～ ツインテール魔法少女;夢への一歩;THE FIRST STAR;Believe Again;ワルキューレがとまらない;🆕KAWAIIは正義;Say Hello!!;MY DREAM MY LIFE;始まりの宴;MC"
2025-06-24,"SUPER REPLiCA""シークレット・ミレア 生誕FES""","大塚Hearts+","SE;01 始まりの宴;02 SHINY DAYS;03 ぽっぽ♪ポジティブ！！;04 HELLO;05 ろりぽっぷ!!!!!!;MC"
2025-06-28,"SUPER REPLiCA・虹色幻想曲〜プリズム・ファンタジア〜 共同主催『""スーパーレプリファン""~vol.2~』","池袋SOUND PEACE","SE;01 ぽっぽ♪ポジティブ！！;02 むげんの★Lambie;03 Say Hello!!;04 ろりぽっぷ!!!!!!!;05 MY DREAM MY LIFE;06 KAWAIIは正義;MC（2本目）"
2025-06-28,"「UNLIMITED〜国際音楽交流イベント」","渋谷音楽堂","SE;01 ろりぽっぷ!!!!!!!;02 Say Hello!!;03 HELLO;04 MY DREAM MY LIFE;MC（1本目）"
2025-06-29,"Killer Tune SHIBUYA 2025 Vol.62","GARRET udagawa","01 むげんの★Lambie;02 ぽっぽ♪ポジティブ！！;03 KAWAIIは正義;04 MY DREAM MY LIFE;05 ろりぽっぷ!!!!!!!;MC（1本目）"
2025-06-29,"LapisBell presents　-Jewelry World-","渋谷ストリームホール","SE;01 ろりぽっぷ!!!!!!!;02 HELLO;03 KAWAIIは正義;04 始まりの宴;05 ぽっぽ♪ポジティブ！！;MC（2本目）"
2025-07-05,"「はなまるっ Vol.93～全組25分SP～」","新宿ZircoTokyo","SE;01 Say Hello‼︎;02 むげんの☆Lambie;03 推し事〜女の子アイドルオタクあるある〜;04 ぽっぽ♪ポジティブ！！;05 KAWAIIは正義;06 ろりぽっぷ!!!!!!!;MC"
2025-07-06,"ライブ予定","（会場未記載）","セトリ投稿確認できず"
2025-07-06,"ネギ☆フェス 2025","浅草VAMPKIN","SE;01 ろりぽっぷ!!!!!!!;02 HELLO;03 SHINY DAYS;04 ぽっぽ♪ポジティブ！！;05 始まりの宴（1本目）"
2025-07-12,"2ndワンマン直前ラスト対バン〜Free LIVE〜""オブフレ無銭LIVE""","青山RizM","SE;01 ぽっぽ♪ポジティブ！！;02 HELLO;03 MY DREAM MY LIFE;04 SHINY DAYS;05 Say Hello!!;06 始まりの宴;MC（1本目）"
2025-07-12,"ライブジム 第29弾","新宿Zirco Tokyo","01 むげんの★Lambie;02 KAWAIIは正義;03 ろりぽっぷ!!!!!!!;04 始まりの宴;MC（2本目）"
2025-07-13,"【アイドルマリアージュVol.24～全組25分SP～】","浅草花劇場","SE;01 KAWAIIは正義;02 ぽっぽ♪ポジティブ！！;03 推し事 ~女の子アイドルオタクあるある~;04 HELLO;05 Say Hello!!;06 始まりの宴;MC（1本目）"
2025-07-13,"「はなまるっ Vol.95～全組25分SP～」","新宿ZircoTokyo","SE;01 Say Hello!!;02 むげんの★Lambie;03 MY DREAM MY LIFE;04 SHINY DAYS;05 始まりの宴;06 ぽっぽ♪ポジティブ！！;MC（2本目）"
2025-07-19,"FiDZ主催公演 / 花野夏咲生誕祭2025「ぽんちゃん&フレンズのワンダフル★フレンドシップ」","新宿SAMURAI","SE;01 HELLO;02 ぽっぽ♪ポジティブ！！;03 Say Hello!!;04 むげんの★Lambie;05 推し事 ~女の子アイドルオタクあるある~;06 ろりぽっぷ!!!!!!!;MC（2本目）"
2025-07-19,"「ろりぽっぷ!!!!!!!×LapisBellツーマンライブ」","アイドルステージ新宿","SE;01 始まりの宴;MC;02 MY DREAM MY LIFE;03 ぽっぽ♪ポジティブ！！;04 SHINY DAYS;MC（1本目）"
2025-07-20,"「くるみん完全復活ろりぽっぷ!!!!!!!単独LIVE VOL.5」","新宿アイドルステージ","SE;ろりぽっぷ!!!!!!!;推し事;ぽっぽ♪ポジティブ！！;始まりの宴;MC;BLIND CALL 🆕;乙女ロック 🆕;MC（新曲お披露目・7人体制）"
2025-07-21,"ろりぽっきゅべる！　Vol.2","渋谷eggman","SE;01 ろりぽっぷ!!!!!!!;02 ぽっぽ♪ポジティブ！！;MC;03 乙女ロック;04 推し事〜女の子アイドルオタクあるある〜;05 Say Hello‼︎;06 SHINY DAYS（1本目）"
2025-07-21,"【アイドルマリアージュVol.25～全組30分SP～】","WALL&WALL","SE;01 始まりの宴;02 むげんの☆Lambie;03 ぽっぽ♪ポジティブ！！;MC;04 乙女ロック;05 HELLO;06 BLIND CALL;07 ろりぽっぷ!!!!!!!;MC（2本目）"
2025-07-23,"【ストグリとあそぼ！】","新宿Zirco Tokyo","SE;01 SHINY DAYS;02 MY DREAM MY LIFE;03 ぽっぽ♪ポジティブ！！;04 KAWAIIは正義;05 BLIND CALL;06 乙女ロック;MC"
2025-07-26,"【アイドルアラモードプチVol.112】","横浜ランドマークホール","セトリ投稿確認できず（情報投稿のみ）"
2025-07-27,"『TSUNAGU ～天プロ無銭定期ライブ〜vol.1』","AOHARIUM TOKYO","SE;01 ろりぽっぷ!!!!!!!;02 HELLO;03 MY DREAM MY LIFE;04 推し事;MC;05 乙女ロック;06 始まりの宴;07 ぽっぽ♪ポジティブ！！（1本目）"
2025-07-27,"Killer Tune SHIBUYA 2025 Vol.63","GARRET udagawa","SE;01 むげんの★Lambie;02 ぽっぽ♪ポジティブ！！;03 BLIND CALL;04 始まりの宴;05 乙女ロック;MC（2本目）"
2025-07-29,"『Vamos Ao Vivo!! SUMMER BEACH ver.』（1部）","ZAIMOKUZA BEACH HOUSE","SE;01 ろりぽっぷ!!!!!!!;02 始まりの宴;03 ぽっぽ♪ポジティブ！！;04 乙女ロック"
2025-07-29,"『Vamos Ao Vivo!! SUMMER BEACH ver.』（2部）","ZAIMOKUZA BEACH HOUSE","SE;01 始まりの宴;02 ぽっぽ♪ポジティブ！！;03 BLIND CALL;04 HELLO;05 SHINY DAYS（海の家・デコTシャツ衣装）"
2025-08-02,"シンガポール遠征","シンガポール（現地会場）","セトリ投稿確認できず（遠征情報投稿あり）"
2025-08-09,"「ASAKUSA DREAMBOX」","浅草VAMPKIN","01 MY DREAM MYLIFE;02 乙女ロック;03 むげんの★Lambie;04 BLIND CALL;05 ろりぽっぷ!!!!!!!;MC"
2025-08-09,"【アイドルアラモードプチVol.114】","浅草花劇場","SE;01 ろりぽっぷ!!!!!!!;02 HELLO;03 推し事 ~女の子アイドルオタクあるある~;04 Say Hello!!;05 乙女ロック;MC"
2025-08-10,"「アイドル盆おどり」","渋谷カラオケまねきねこ本店4F","01 始まりの宴;02 SHINY DAYS;MC;03 KAWAIIは正義;04 ろりぽっぷ!!!!!!!;05 ぽっぽ♪ポジティブ！！"
2025-08-11,"【ポッケからきゅんっふぇす！vol.29】","吉祥寺CLUB SEATA","SE;01 ろりぽっぷ!!!!!!;MC;02 Say Hello!!;03 MY DREAM MY LIFE;04 HELLO;MC"
2025-08-15,"LapisBell presents　-Jewelry World- Vol.2","新宿ReNY","SE;01 HELLO;02 推し事〜女の子アイドルオタクあるある〜;03 むげんの☆Lambie;04 ぽっぽ♪ポジティブ！！;05 SHINY DAYS;06 ろりぽっぷ!!!!!!!;MC（2本目）"
2025-08-15,"LapisBell presents　-Jewelry World- 番外編SPツーマンライブ！","新宿ReNY","01 乙女ロック;MC;02 BLIND CALL;03 KAWAIIは正義;04 Say Hello!!;05 ぽっぽ♪ポジティブ！！;06 MY DREAM MYLIFE;07 始まりの宴;MC（1本目）"
2025-08-16,"FANTASTIC IDOL TIME DAY3~昼~","渋谷RING","SE;01 ろりぽっぷ!!!!!!!;02 始まりの宴;03 ぽっぽ♪ポジティブ！！;MC"
2025-08-17,"苺花なつみ生誕祭2025~ようこそ、苺花庭園へ~","SHIBUYA CYCLONE","SE;01 KAWAIIは正義;02 始まりの宴;MC;03 💙from Y to Y;04 🍭気まぐれメルシィ;05 乙女ロック;06 ぽっぽ♪ポジティブ！！;MC"
2025-08-23,"【アイドルアラモードプチVol.116】","浅草花劇場","SE;01 ろりぽっぷ!!!!!!!;02 ぽっぽ♪ポジティブ！！;03 推し事〜女の子アイドルオタクあるある〜;04 乙女ロック;05 HELLO;MC（2本目）"
2025-08-23,"Killer Tune SHIBUYA 2025 SP LIVE","SHIBUYA CYCLONE","SE;01 BLIND CALL;02 SHINY DAYS;03 ろりぽっぷ!!!!!!!;04 ぽっぽ♪ポジティブ！！;05 乙女ロック;06 始まりの宴;MC（1本目）"
2025-08-24,"【アイドルマリアージュVol.27】","浅草花劇場","SE;01 乙女ロック;02 ぽっぽ♪ポジティブ！！;03 MY DREAM MY LIFE;04 SHINY DAYS;05 ろりぽっぷ!!!!!!!;MC（1本目）"
2025-08-24,"『すこフェスmini』","渋谷CAMELOT","SE;01 Say Hello!!;02 むげんの★Lambie;03 BLIND CALL;04 HELLO;MC（2本目）"
2025-08-30,"LUNCHKIDS定期公演Vol.8「超！らんちき祭！~夏は終わらせない！超豪華拡大SP~」","神田CLUB F#","SE;01 始まりの宴;02 推し事〜女の子アイドルオタクあるある〜;03 BLIND CALL;04 ぽっぽ♪ポジティブ!!;05 SHINY DAYS;06 ろりぽっぷ!!!!!!!;MC（2本目）"
2025-08-30,"『キャトられのちなると』","Zirco Tokyo","SE;01 ろりぽっぷ!!!!!!!;02 MY DREAM MY LIFE;03 乙女ロック;04 推し事〜女の子アイドルオタクあるある〜;05 むげんの☆Lambie;MC（1本目・しずくちゃん生誕祭）"
2025-08-31,"【アイドルマリアージュVol.28～全組30分SP～】","WALL&WALL","SE;01 むげんの☆Lambie;02 HELLO;03 ぽっぽ♪ポジティブ！！;04 MY DREAM MY LIFE;05 乙女ロック;06 ろりぽっぷ!!!!!!!;07 始まりの宴;MC（1本目）"
2025-08-31,"Killer Tune SHIBUYA 2025 Vol.64","GARRET udagawa","SE;01 ろりぽっぷ!!!!!!!;02 SHINY DAYS;03 Say Hello‼︎;04 ぽっぽ♪ポジティブ！！;05 乙女ロック;06 始まりの宴;MC（2本目）"
2025-09-02,"単独ライブvol.6 ワンコインライブ","新宿アイドルステージ","SE;01 乙女ロック;02 BLIND CALL;MC;04 アタックサイン 🆕✨;05 ろりぽっぷ!!!!!!!;06 始まりの宴;07 SHINY DAYS;MC（1️⃣部ワンコインライブ）"
2025-09-02,"単独ライブvol.6 コンセプトライブ","新宿アイドルステージ","セトリ投稿確認できず"
2025-09-07,"那須ハイランドパーク🎡","那須ハイランドパーク","SE;01 ろりぽっぷ!!!!!!!;02 ぽっぽ♪ポジティブ！！;MC;03 乙女ロック;04 始まりの宴;05 SHINY DAYS;MC"
2025-09-09,"BADKNee presentsSUPER REPLiCA主催""ハッピーレプレプ""~challenge.22~","大塚Hearts Next","01 MY DREAM MY LIFE;02 乙女ロック;03 Say Hello!!;04 SHINY DAYS;05 BLIND CALL;06 アタックサイン;MC"
2025-09-12,"マリナ・ディライトアニバーサリーイベント「Happy Party MARINAight vol.2 -Marinage-」","目黒鹿鳴館","01 ぽっぽ♪ポジティブ！！;02 推し事 ~女の子アイドルオタクあるある~;03 MY DREAM MY LIFE;04 始まりの宴;05 アタックサイン;06 乙女ロック;MC"
2025-09-13,"『DIZZY JAM』","横浜ビブレ Niigo 広場","SE;01 始まりの宴;MC;02 ぽっぽ♪ポジティブ！！;03 HELLO;04 SHINY DAYS;MC（2本目・野外）"
2025-09-13,"POP IN FESTIVAL 2025","品川ステラボール","SE;01 ろりぽっぷ!!!!!!!;02 推し事〜女の子アイドルオタクあるある〜;03 アタックサイン;MC（1本目）"
2025-09-14,"月花めもり生誕祭2025","青山RizM","SE;01 アタックサイン;02 むげんの☆Lambie;03 MY DREAM MY LIFE;04 ぽっぽ♪ポジティブ！！;MC（2本目）"
2025-09-14,"【アイドルマリアージュVol.25～全組25分SP～】","WALL&WALL","SE;01 HELLO;02 BLIND CALL;MC;03 乙女ロック;04 アタックサイン;05 ろりぽっぷ!!!!!!;MC（1本目）"
2025-09-15,"はなまるっ","浅草VAMPKIN","SE;01 HELLO;02 乙女ロック;03 KAWAIIは正義;04 ろりぽっぷ!!!!!!!;05 Say Hello!!;06 始まりの宴;MC（Vol.103）"
2025-09-20,"【アイドルアラモードプチVol.117】","横浜ランドマークホール","SE;01 始まりの宴;02 SHINY DAYS;03 乙女ロック;04 ぽっぽ♪ポジティブ！！;05 HELLO;MC（2本目）"
2025-09-20,"Killer Tune SHIBUYA 2025 SP LIVE","SHIBUYA CYCLONE","SE;01 乙女ロック;02 推し事〜女の子アイドルオタクあるある〜;03 アタックサイン;04 むげんの☆Lambie;05 SHINY DAYS;06 ろりぽっぷ!!!!!!!;MC（1本目）"
2025-09-21,"ライブ予定","シアターマーキュリー新宿","SE;01 ろりぽっぷ!!!!!!!;02 MY DREAM MY LIFE;03 乙女ロック;04 Say Hello!!;05 始まりの宴;MC"
2025-09-23,"ライブジム 第37弾","新宿DHNoA","SE;01 始まりの宴;02 アタックサイン;03 ぽっぽ♪ポジティブ！！;MC"
2025-09-27,"「はなまるっ Vol.104」","浅草VAMPKIN","00 SE;01 ろりぽっぷ!!!!!!;02 HELLO;MC;03 Say Hello‼︎;04 BLIND CALL;05 むげんの☆Lambie;MC"
2025-09-28,"\\\\\\\\❤️やぎくるみ生誕祭2025❤️///","渋谷CYCLONE","SE;01 始まりの宴;02 アタックサイン;03 MY DREAM MY LIFE;MC;❤️ 「ひとりで生きられそう」って それってねえ、褒めているの？;🍭「メッセージ」;04 MADOROMI;05 乙女ロック;06 ぽっぽ♪ポジティブ！！;07 SHINY DAYS;MC"
2025-10-04,"「ろりぽっぷ!!!!!!!主催ライブVol.2」","アイドルステージ新宿","SE;01 ろりぽっぷ!!!!!!;02 推し事〜女の子アイドルオタクあるある〜;03 むげんの☆Lambie;04 ぽっぽ♪ポジティブ！！;05 始まりの宴;MC"
2025-10-04,"ろりぽっぷ!!!!!!!単独ライブVol.7","アイドルステージ新宿","SE;01 乙女ロック;02 BLIND CALL;MC;03 Unknown🆕;04 アタックサイン;05 SHINY DAYS;06 始まりの宴;07 Unknown🆕;MC"
2025-10-05,"「はなまるっ Vol.106～全組25分SP～」","新宿ZircoTokyo","SE;01 HELLO;02 乙女ロック;03 推し事 ~女の子アイドルオタクあるある~;04 Unknown;05 BLIND CALL;06 ぽっぽ♪ポジティブ！！;MC"
2025-10-05,"浅見怜美主催『REMI♡LAND Vol.1』","新宿HEAD POWER","SE;01 始まりの宴;02 乙女ロック;03 Unknown;MC;04 ぽっぽ♪ポジティブ！！(怜美ちゃんとコラボ);MC"
2025-10-11,"恋咲かれん生誕祭2025","DESEO mini with VV","SE;01 ろりぽっぷ!!!!!!;02 SHINY DAYS;03 ぽっぽ♪ポジティブ！！;04 アタックサイン;05 始まりの宴"
2025-10-12,"【アイドルマリアージュVol.31～全組25分SP～】","WALL&WALL","SE;01 Say Hello‼︎;02 推し事〜女の子アイドルオタクあるある〜;MC;03 Unknown;04 乙女ロック;05 SHINY DAYS;06 ろりぽっぷ!!!!!!!;MC"
2025-10-12,"TOKYO GIRLS GIRLS extra!!","山王ヒルズホール","SE;01 始まりの宴;02 乙女ロック;03 ぽっぽ♪ポジティブ！！;04 ろりぽっぷ!!!!!!"
2025-10-13,"「ABC IDOL」","YOKOHAMA COAST garage+","SE;01 MY DREAM MY LIFE;02 Unknown;03 HELLO;MC;04 乙女ロック;05 ろりぽっぷ!!!!!!!;06 ぽっぽ♪ポジティブ！！;07 始まりの宴;MC"
2025-10-14,"Tool to 杏ゆず子 生誕祭2025","大塚Hearts+","SE;01 ろりぽっぷ!!!!!!!;02 SHINY DAYS;03 Unknown;04 アタックサイン;MC"
2025-10-17,"緊急開催！ろりぽっぷ!!!!!!!ワンコインライブ","S.U.B. TOKYO","SE;01 KAWAIIは正義;02 キミノセイ、🆕;MC;03 Say Hello!!;04 推し事 ~女の子アイドルオタクあるある~;05 Unknown;MC;06 むげんの★ Lambie;07 キミノセイ、;MC"
2025-10-18,"【ポッケからきゅんっふぇす！】","新宿ZircoTokyo","SE;01 始まりの宴;02 HELLO;03 キミノセイ、;04 ぽっぽ♪ポジティブ！！;MC（2本目）"
2025-10-18,"『mi-mi first solo exhibition 『CUTE AGGRESSION』~LONG SET LIVE~』","渋谷 FOWS","SE;01 ろりぽっぷ!!!!!!!;02 BLIND CALL;MC;03 始まりの宴;04 乙女ロック;05 Unknown;06 アタックサイン;MC"
2025-10-19,"虹色幻想曲～プリズム・ファンタジア～北野めぐみ生誕祭","高円寺HIGH","SE;01 MADOROMI;02 MY DREAM MY LIFE;03 Unknown;04 キミノセイ、;MC"
2025-10-19,"行田古墳フェスティバル","さきたま古墳公園","SE;01 始まりの宴;MC;02 MY DREAM MY LIFE;03 ぽっぽ♪ポジティブ！！;04 SHINY DAYS;MC"
2025-10-21,"AOAO主催サーキットフェス""ブルーセッション EX""","Star lounge","SE;01 ろりぽっぷ!!!!!!!;MC;02 推し事〜女の子アイドルオタクあるある〜;03 Unknown;04 始まりの宴;MC"
2025-10-25,"ろりぽっぷ!!!!!!!単独ライブVol.9\\\\Halloween🎃LIVE//","アイドルステージ新宿","SE;01 END THE WORLD;MC;02 Unknown;03 MY DREAM MY LIFE;04 MADOROMI;MC;05 END THE WORLD;06 アタックサイン;07 始まりの宴;MC"
2025-10-26,"Killer Tune SHIBUYA 2025 SP FURUKAWA 48 SONIC!!!!!","GARRET udagawa","SE;01 ぽっぽ♪ポジティブ！！;02 推し事;03 キミノセイ、;04 Unknown;05 END THE WORLD;06 MADOROMI;MC"
2025-10-26,"「#ワンミリHalloween🎃」","渋谷音楽堂","01 Unknown;02 キミノセイ、;03 END THE WORLD;MC（1本目）"
2025-11-02,"SAKURA JOURNEY 2025 東名阪ツアー 〜 OSAKA","PLUSWIN HALL大阪","SE;01 キミノセイ、;02 MADOROMI;03 推し事 ~女の子アイドルオタクあるある~;04 SHINY DAYS;MC"
2025-11-03,"Merry Mellow pre.『MALLOW POP 1pic』","FANJ twice","SE;01 HELLO;MC;02 乙女ロック;03 Unknown;04 アタックサイン;05 始まりの宴;MC"
2025-11-08,"「はなまるっ Vol.111」","浅草VAMPKIN","SE;01 BLIND CALL;02 Unknown;03 MY DREAM MY LIFE;04 ぽっぽ♪ポジティブ！！;MC"
2025-11-08,"『AGE FES! 野外』","上野恩賜公園野外ステージ","SE;01 HELLO;02 END THE WORLD;03 ろりぽっぷ!!!!!!!;MC"
2025-11-09,"@ JAM PARTY vol.114 1部","横浜MMブロンテ","SE;01 ろりぽっぷ!!!!!!;02 ぽっぽ♪ポジティブ！！;03 始まりの宴;MC"
2025-11-09,"@ JAM PARTY vol.114 2部","横浜MMブロンテ","SE;01キミノセイ、;02Unknown;03SHINY DAYS;MC"
2025-11-15,"すこふぇすDAY","新宿WALLY","SE;01 Say Hello！！;02 ぽっぽ♪ポジティブ！！;03 ろりぽっぷ!!!!!!;MC"
2025-11-15,"すこふぇすNIGTH","新宿WALLY","SE;01 始まりの宴;02 キミノセイ、;03 むげんの☆Lambie;MC"
2025-11-16,"『ラジオ大阪Presents GIRLS CIRCUIT LIVE』","渋谷DESEO","SE;01 アタックサイン;02 BLIND CALL;03 Unknown;04 HELLO;MC"
2025-11-24,"🍬1stAnniversaryLIVE🍬~ろりぽの挑戦~","赤羽ReNY alpha","詳細セトリ投稿なし（新衣装・新曲2曲披露のありがとうございました投稿のみ、画像参照）"
2025-12-06,"12月やねっ","新宿DHNoA","SE;01 主人公;MC;02 Singularity;03 約束!!!!!!!;MC"
2025-12-07,"Oshi Fes in IKEBUKURO Girls X'mas Night","池袋西口公園野外劇場 GLOBAL RING THEATER","SE;01 始まりの宴!!!!!!!;02 ぽっぽ♪ポジティブ！！;03 Unknown;04 主人公;MC"
2025-12-10,"ろりぽっぷ!!!!!!!単独ライブVol.10~NONSTOPLIVE~","（会場未記載）","SE;01 乙女ロック;02 アタックサイン;03 Unknown;04 BLIND CALL;05 MADOROMI;06 END THE WORLD;07 サクラロード;08 Singularity;09 主人公;MC"
2025-12-13,"あむとあむあむ牧場～ギャ‼️～","BUZZ music LABO Sinjuku","SE;01 ろりぽっぷ!!!!!!!;02 始まりの宴!!!!!!!;03 HELLO;04 SHINY DAYS;MC"
2025-12-14,"はるフェスvol.19","秋葉原Galaxy","SE;01 Unknown;02 アタックサイン;03 ぽっぽ♪ポジティブ！！;04 主人公;MC"
2025-12-15,"HYPE IDOL！","品川インターシティホール","SE;01 キミノセイ、;02 約束!!!!!!!;03 主人公;MC"
2025-12-19,"Dear.LIVE! Vol.8 - 綾瀬りょうBIRTHDAY -","新宿WALLY","SE;01 始まりの宴!!!!!!!;02 END THE WORLD;03 Unknown;04 乙女ロック;05 約束!!!!!!!;06 ぽっぽ♪ポジティブ！！;MC"
2025-12-20,"アイドルマリアージュVol.40～全組30分SP～","新宿DHNoA","SE;01 約束!!!!!!!;02 キミノセイ、;MC;03 Singularity;04 MY DREAM MY LIFE;05 END THE WORLD;06 ろりぽっぷ!!!!!!!;MC"
2025-12-21,"#拡散Φ輝望 vol.201""倉川さいか生誕祭""","浅草VAMPKIN","SE;01 Unknown;02 SHINY DAYS;03 始まりの宴!!!!!!!;MC"
2025-12-24,"ろりぽっぷ!!!!!!!単独ライブVol.11🎄クリスマススペシャル🎄","渋谷TAKEOFF7","01 MY DREAM MY LIFE;02 キミノセイ、;03 KAWAIIは正義;MC;04 恋人がサンタクロース;05 メリクリ;06 ぽっぽ♪ポジティブ！！;07 HELLO;08 主人公;MC"
2025-12-24,"ろりぽっぷ!!!!!!!ワンコインライブ~私服公演~","渋谷TAKE OFF7","SE;01 Say Hello!!;MC;02 推し事〜女の子アイドルオタクあるある〜;03 むげんの☆Lambie;04 約束!!!!!!!;MC"
2025-12-27,"[pêssego]","池袋リヴォイス","SE;01 HELLO;02 END THE WORLD;03 アタックサイン;04 ろりぽっぷ!!!!!!!;MC"
2025-12-28,"スパドキフェスティバルVol.115～年末大感謝SP～","横浜ランドマークホール","SE;01 乙女ロック;02 Singularity;03 SHINY DAYS;04 Say Hello!!;05 始まりの宴!!!!!!!;MC"
2025-12-29,"Killer Tune SHIBUYA THE LAST Day1","SHIBUYA CYCLONE","SE;01 Singularity;02 BLIND CALL;MC;03 Unknown;04 END THE WORLD;05 サクラロード;06 乙女ロック;MC"
2025-12-29,"Killer Tune SHIBUYA THE LAST Day1","GARRET udagawa","SE;01 ろりぽっぷ!!!!!!!;02 アタックサイン;MC;03 ぽっぽ♪ポジティブ！！;04 むげんの☆Lambie;05 キミノセイ、;06 約束!!!!!!!;MC"
2025-12-30,"アイドルアラモードプチVol.127～2025年末大感謝SP～","WITH HARAJUKU","SE;01 アタックサイン;02 Unknown;03 MY DREAM MY LIFE;04 始まりの宴!!!!!!!;MC"
2025-12-30,"Killer Tune SHIBUYA THE LAST Day2","（会場未記載）","SE;01 主人公;02 HELLO;03 Singularity;04 サクラロード;05 MADOROMI;06 SHINY DAYS;07 END THE WORLD;MC"
2026-01-10,"おまゆ生誕祭","（会場未記載）","SE;01 始まりの宴!!!!!!!;MC;02 HELLO;03 アタックサイン;04 BiSH-星が瞬く夜に-;05 STRAY SHEEP CLAYMORE;06 モーニング娘。Be Alive;MC;07 ぽっぽ♪ポジティブ！！;08 SHINY DAYS;09 ろりぽっぷ!!!!!!!;MC;アンコール;10 主人公!!!!!!!"
2026-01-12,"えみゆか生誕祭","新宿DHNoA","SE;01 ぽっぽ♪ポジティブ！！;02 MY DREAM MY LIFE;03 サクラロード;04 乙女ロック;05 Say Hello!!;06 約束!!!!!!!"
2026-01-12,"はなまるっ Vol.119","渋谷RING","SE;01 約束!!!!!!!;02 キミノセイ、;03 むげんの★ Lambie;04 KAWAIIは正義;05 END THE WORLD;06 Singularity;07 始まりの宴!!!!!!!;MC"
2026-01-17,"GIRLS CIRCUIT","高田馬場","SE;01 ぽっぽ♪ポジティブ!!;02 SHINY DAYS;03 推し事～女の子アイドルオタクあるある〜;04 キミノセイ、"
2026-01-18,"ABC IDOL","横浜","SE;01 アタックサイン;02 乙女ロック;03 始まりの宴!!!!!!!;04 ろりぽっぷ!!!!!!!"
2026-01-21,"SAKURA PARTY vol.1","シアターマーキュリー新宿","SE;01 ろりぽっぷ!!!!!!!;02 始まりの宴!!!!!!!;MC;03 ぽっぽ♪ポジティブ！！;04 乙女ロック;05 サクラロード;06 SHINY DAYS"
2026-01-24,"まう生誕祭2026","アイドルステージ新宿","01 むげんの★ Lambie;02 KAWAIIは正義;MC;03 愛されなくても君がいる;04 鼓動/タイトル未定;MC;05 新世紀ヒットパレード/Appare!;06 キミノセイ、;07 Singularity;08 MADOROMI;09 主人公;MC;アンコール;MY DREAM MY LIFE"
2026-01-25,"CYBER","渋谷RING","01 推し事～女の子アイドルオタクあるある〜;02 乙女ロック;03 始まりの宴!!!!!!!;04 ぽっぽ♪ポジティブ！！;MC"
2026-01-31,"はなまるっ Vol.121","浅草VAMPKIN","SE;01 むげんの★ Lambie;MC;02 Say Hello!!;03 乙女ロック;04 推し事～女の子アイドルオタクあるある〜;MC"
2026-02-01,"ASAKUSA DREAMBOX ～節分スペシャル～","浅草VAMPKIN","01 Singularity;02 Unknown;03 始まりの宴!!!!!!!;04 END THE WORLD;05 約束!!!!!!!;06 SHINY DAYS;MC"
2026-02-01,"はなまるっ Vol.122","渋谷RING","SE;01 キミノセイ、;02 主人公;MC;03 アタックサイン;04 ぽっぽ♪ポジティブ!!;05 ろりぽっぷ!!!!!!!;MC"
2026-02-03,"#うりぼ BIRTHDAY LIVE 〜純にょん大吟醸でちぇいえ祭〜","TwinBox AKIHABARA","SE;01 ろりぽっぷ!!!!!!!;MC;02 HELLO;03 SHINY DAYS;04 始まりの宴!!!!!!!;MC"
2026-02-07,"MAKEUP IDOL FES","原宿ベルエポック美容専門学校","SE;01 サクラロード;02 BLIND CALL;03 END THE WORLD;04 Unknown;MC"
2026-02-08,"まんてんあみてん2026","渋谷CYCLONE","SE;01 始まりの宴!!!!!!!;02 推し事～女の子アイドルオタクあるある〜;MC;03 初恋サイダー;04 きみわずらい;05 夜明けBrand New Days;06 主人公;MC;07 乙女ロック;08 MY DREAM MY LIFE;09 アタックサイン;10 SHINY DAYS;MC;アンコール;11 約束!!!!!!!"
2026-02-09,"FULLMOON PARTY vol.14","新宿SAMURAI","SE;01 Unknown;02 HELLO;03 END THE WORLD;04 始まりの宴!!!!!!!;MC"
2026-02-10,"ハッピーレプレプ~challenge.26~","大塚Hearts Next","SE;01 Say Hello!!;02 ぽっぽ♪ポジティブ!!;03 KAWAIIは正義;04 むげんの★Lambie;05 キミノセイ、;06 ろりぽっぷ!!!!!!!;MC"
2026-02-14,"はなまるっ Vol.123","吉祥寺CLUB SEATA","01 推し事～女の子アイドルオタクあるある〜;02 KAWAIIは正義;03 ろりぽっぷ!!!!!!;04 キミノセイ、;05 約束!!!!!!!;MC"
2026-02-15,"2026 応援せずにはいられないアイドルSP!!! vol.2","KMAパラダイスホール","SE;01 ぽっぽ♪ポジティブ!!;02 Say Hello!!;03 乙女ロック;04 SHINY DAYS;05 始まりの宴!!!!!!!;MC"
2026-02-15,"アイドルマリアージュVol.47","有明スモールワールズ","SE;01 MY DREAM MY LIFE;02 約束!!!!!!!;MC;03 ぽっぽ♪ポジティブ!!;04 アタックサイン;05 HELLO;MC"
2026-02-21,"ライブジム 第48弾","Viblue EBISU","SE;01 乙女ロック;MC;02 Unknown;03 END THE WORLD;04 SHINY DAYS;MC"
2026-02-22,"アプロ☆フェス -Live in Up-","新宿ReNY","SE;01 ろりぽっぷ!!!!!!;MC;02 キミノセイ、;03 推し事～女の子アイドルオタクあるある〜;04 ぽっぽ♪ポジティブ！！;MC"
2026-02-22,"MISS MY NOTES -DEBUT LIVE- [FIRST NOTE]","SUPERNOVA KAWASAKI","SE;01 始まりの宴!!!!!!!;MC;02 アタックサイン;03 Unknown;04 HELLO;05 主人公;MC"
2026-02-23,"mana tea time 2026","GARRET udagawa","01 君はスパークル;02 スパークルグリッター;03 ろりぽっぷ!!!!!!!;MC;04 空色デイズ;05 今日も君の夢を見たんだ;MC;06 Say Hello!!;07 SHINY DAYS;08 キミノセイ、;MC;アンコール;09 今日も君の夢を見たんだ"
2026-03-01,"POP IN FESTIVAL 2026","渋谷チェルシーホテル","SE;01 Singularity;02 始まりの宴!!!!!!!;03 ろりぽっぷ!!!!!!!;04 ぽっぽ♪ポジティブ!!;05 推し事～女の子アイドルオタクあるある〜;MC"
2026-03-06,"マリナ・ディライト生誕祭HAPPY PARTY MARINAight VOL.3","渋谷スターラウンジ","SE;01 END THE WORLD;02 HELLO;03 始まりの宴!!!!!!!;04 MADOROMI;MC"
2026-03-07,"MOVE ON MUSIC! special","SHIBUYA CYCLONE","SE;01 Singularity;02 始まりの宴!!!!!!!;MC;03 ぽっぽ♪ポジティブ！！;04 END THE WORLD;05 Unknown;06 BLIND CALL;07 SHINY DAYS;08 MADOROMI;09 主人公;MC"
2026-03-08,"〜アイドルサミットHARAJUKU SP!!!","WITH HARAJUKUホール","SE;01 ろりぽっぷ!!!!!!;02 キミノセイ、;03 推し事〜女の子アイドルオタクあるある〜;04 アタックサイン;MC"
2026-03-14,"ろりぽっぷ!!!!!!!ホワイトデー単独ライブVol.12","原宿RUIDO","SE;01 ろりぽっぷ!!!!!!!;02 KAWAIIは正義;MC;03 ♀︎正解の方程式♂ 🆕;04 むげんの☆Lambie;05 MY DREAM MY LIFE;06 サクラロード;07 キミノセイ、;08 約束!!!!!!!;09 ♀︎正解の方程式♂;MC"
2026-03-15,"「ASAKUSA DREAMBOX 虹色幻想曲〜プリズム・ファンタジア〜11TH ANNIVERSARY 当日祭」","浅草VAMPKIN","SE;01 ぽっぽ♪ポジティブ！！;MC;02 ♀︎正解の方程式♂;03 SHINY DAYS;04 推し事～女の子アイドルオタクあるある〜;MC"
2026-03-20,"「はなまるっ Vol.128～全組25分SP～」","渋谷RING","SE;01 約束!!!!!!!;02 Say Hello!!;03 MY DREAM MY LIFE;04 ぽっぽ♪ポジティブ！！;05 乙女ロック;06 HELLO;MC"
2026-03-22,"FiDZ主催イベント 「中込との遭遇」","新宿SAMURAI","SE;01 アタックサイン;02 Unknown;03 END THE WORLD;04 SHINY DAYS;05 ぽっぽ♪ポジティブ！！;MC"
2026-03-22,"「はなまるっ Vol.129」　〜虹色幻想曲周年記念〜11TH ANNIVERSARY対バン LIVE !! 後日祭","浅草VAMPKIN","01 HELLO;02 始まりの宴!!!!!!!;03 むげんの★Lambie;04 MADOROMI;05 主人公;MC"
2026-03-25,"単独ライブVol.13","中野坂上SUB TOKYO","SE;01 正解の方程式;02 MADOROMI;03 アタックサイン;04 ろりぽっぷ!!!!!!;MC（1部ワンコイン）"
2026-03-25,"単独ライブVol.13","中野坂上SUB TOKYO","SE;01 Unknown;02 乙女ロック;MC;03 《未完成ヒロイン》🆕;04 約束!!!!!!!;05 始まりの宴!!!!!!!;MC;06 未完成ヒロイン🆕;MC（2部）"
2026-03-28,"MOVE ON MUSIC! Special DayTime at GARRET udagawa","GARRET udagawa","SE;01 HELLO;02 Unknown;MC;03 未完成ヒロイン🆕;04 推し事〜女の子アイドルオタクあるある〜;05 サクラロード;06 BLIND CALL;07 むげんの☆Lambie;08 SHINY DAYS"
2026-03-29,"『横Fes-ヨコフェス-1st ANNIVERSARY Circuit!!』","GOTANDA G6","SE;01 ろりぽっぷ!!!!!!!;MC;02 ぽっぽ♪ポジティブ！！;03 Say Hello!!;04 HELLO;MC"
2026-03-29,"FIBER","チェルシーホテル","SE;01 未完成ヒロイン;02 アタックサイン;03 キミノセイ、;04 始まりの宴!!!!!!!;MC"
2026-04-02,"Full Moon Party vol.15〜90年代アニソン縛りナイト〜","新宿SAMURAI","画像参照（テキストなし）"
2026-04-03,"「HARAJUKU RUIDO SUPER LIVE 2026」※無銭スペシャル公演編","原宿RUIDO","SE;01 推し事〜女の子アイドルオタクあるある〜;02 むげんの☆Lambie;03 キミノセイ、;04 未完成ヒロイン;MC"
2026-04-04,"「SHINSEIKI SUPER LIVE 2026」","ダンスホール新世紀","SE;01 始まりの宴!!!!!!!;02 アタックサイン;03 Unknown;04 主人公;MC"
2026-04-05,"▶ライブジム 第50弾","新宿ReNY","SE;01 未完成ヒロイン;02 Say Hello！！;03 約束!!!!!!!;MC"
2026-04-05,"『ABC IDOL』","YOKOHAMA COAST garage+","SE;01 ぽっぽ♪ポジティブ!!;02 乙女ロック;MC;03 ろりぽっぷ!!!!!!!;04 SHINY DAYS;05 MY DREAM MY LIFE;06 未完成ヒロイン;07 始まりの宴!!!!!!!;MC"
2026-04-11,"『凜ふぇす Vol.2～無銭アイドルふぇす～』","秋葉原ZEST","SE;01 アタックサイン;02 Unknown;03 未完成ヒロイン;04 SHINY DAYS;MC"
2026-04-12,"「竹取の遊パート2」","永山健康ランド「竹取の湯」","SE;01 ろりぽっぷ!!!!!!!;MC;02 約束!!!!!!!;03 ぽっぽ♪ポジティブ!!;04 HELLO;05 始まりの宴!!!!!!!;MC"
2026-04-13,"⟡.·河蝶美咲 生誕祭2026⟡.·「Forever Blooming ¨̮🌷」","SHIBUYA DAIA","SE;01 ぽっぽ♪ポジティブ！！;MC;02 SHINY DAYS 🩷;03 未完成ヒロイン;04 推し事～女の子アイドルオタクあるある〜;MC"
2026-04-19,"MOVE ON MUSIC！ webana. Special Day","GARRET udagawa","SE;01 キミノセイ、;02 Say Hello!!;03 むげんの★Lambie;04 BLIND CALL;05 未完成ヒロイン;MC"
2026-04-22,"姫杏朝香卒業ライブ","SUB TOKYO","SE;01正解の方程式;02ろりぽっぷ!!!!!!!;MC;03 I＆L🩷💙;04 DREAM SOLISTER🩷;05潮風のハーモニー🍭;06 MY DREAM MY LIFE;07 HELLO;08 アタックサイン;09 約束!!!!!!!;10 SHINY DAYS;11 主人公;アンコール🧸;未完成ヒロイン;始まりの宴!!!!!!!"
2026-04-25,"AQUARIUM","渋谷スターラウンジ","SE;01 ろりぽっぷ!!!!!!!;MC;02 ぽっぽ♪ポジティブ！！;03 未完成ヒロイン;04 始まりの宴!!!!!!!;MC"
2026-04-25,"「はなまるっ Vol.133」","新宿Zirco Tokyo","SE;01 乙女ロック;02 ぽっぽ♪ポジティブ!!;MC;03 始まりの宴!!!!!!!;04 約束!!!!!!!;05 未完成ヒロイン;06 ろりぽっぷ!!!!!!!;MC"
2026-04-26,"『【昼の部】服部つばめ生誕祭2026 TSUBAMANIA』","新宿MARZ","🧡ぽっぽ♪ポジティブ!!;💛Majestic Baby;SE;01 SHINY DAYS;02 END THE WORLD;03 MADOROMI;04 主人公;05 始まりの宴!!!!!!! 🍭✖️🧡;MC"
2026-04-26,"MOVE ON MUSIC! Vol.4","GARRET udagawa","SE;01 推し事〜女の子アイドルオタクあるある〜;MC;02 HELLO;03 Unknown;04 乙女ロック;05 未完成ヒロイン;MC"
2026-04-28,"Idol PiT GirlsRush","CROSS STAGE SHIBUYA","SE;01 Unknown;02 HELLO;03 未完成ヒロイン;04 主人公;MC"
2026-05-02,"【NEOPi FES in DHNoA】","新宿DHNoA","SE;01 ろりぽっぷ!!!!!!;MC;02 アタックサイン;03 Unknown;04 ぽっぽ♪ポジティブ！！;05 未完成ヒロイン;MC"
2026-05-02,"MOVE ON MUSIC! Special","赤羽ReNY alpha","SE;01 約束!!!!!!!;MC;02 SHINY DAYS;03 END THE WORLD;04 主人公;05 始まりの宴!!!!!!!;MC"
2026-05-03,"『ATSUMORI PARTY』","浅草VAMPKIN","SE;01 SHINY DAYS;MC;03 未完成ヒロイン;04 アタックサイン;05 HELLO;MC"
2026-05-04,"『JAPAN IDOL SUPER LIVE 2026』","東京キネマ倶楽部","SE;01 ろりぽっぷ!!!!!!!;02 始まりの宴!!!!!!!;03 ぽっぽ♪ポジティブ！！;MC"
2026-05-04,"「はなまるっ Vol.137～全組25分SP～」","浅草VAMPKIN","SE;01 始まりの宴!!!!!!!;02 乙女ロック;03 約束!!!!!!!;04 ろりぽっぷ!!!!!!!;05 未完成ヒロイン;06 推し事～女の子アイドルオタクあるある〜;MC"
2026-05-05,"『歌舞伎町UP GATE↑↑2026』","新宿DHNoA","SE;01 始まりの宴!!!!!!!;MC;02 推し事〜女の子アイドルオタクあるある〜;03 約束!!!!!!!;04 MADOROMI;05 SHINY DAYS;06 ろりぽっぷ!!!!!!!"
2026-05-06,"MOVE ON MUSIC! Special","横浜ReNY","01 HELLO;02 ぽっぽ♪ポジティブ！！;03 始まりの宴!!!!!!!;04 未完成ヒロイン;05 主人公;06 SHINY DAYS;MC"
2026-05-09,"『IDOL DrinkBar（アイドリンクバー）』","中野坂上S.U.B TOKYO","SE;01 未完成ヒロイン;02 アタックサイン;03 むげんの☆Lambie;04 約束!!!!!!!;MC"
2026-05-10,"「FUTURE: SUPER LIVE 2026」InnocentFairy 三好杏依 生誕祭","大塚FUTURE","SE;01 ぽっぽ♪ポジティブ！！;02 推し事～女の子アイドルオタクあるある〜;03 始まりの宴!!!!!!!;MC"
2026-05-10,"犬宮さくら生誕祭2026","Akiba Stella Cube","SE;01 乙女ロック;02 SHINY DAYS;03 MY DREAM MY LIFE;04 未完成ヒロイン;05 推し事～女の子アイドルオタクあるある〜"
2026-05-16,"「VAMPKIN SUPER LIVE」","浅草VAMPKIN","SE;01 ろりぽっぷ!!!!!!!;02 HELLO;03 アタックサイン;04 始まりの宴!!!!!!;MC"
2026-05-17,"『UK祭』","中野坂上S.U.B TOKYO","SE;01 乙女ロック;02 Unknown;03 SHINY DAYS;04 END THE WORLD;MC"
2026-05-19,"【繋Fes vol,1】","GOTANDA G3","SE;01 ろりぽっぷ!!!!!!;02 ぽっぽ♪ポジティブ！！;03 キミノセイ、;04 約束!!!!!!!;MC"
2026-05-22,"Ui Chihiro 8th Anniversary 〜Infinity〜","新宿SAMURAI","SE;01 HELLO;02 MY DREAM MY LIFE;03 END THE WORLD;04 むげんの★Lambie;05 MADOROMI;MC"
2026-05-23,"【GIRLS EDITION〜AEON MALL Musashimurayama IDOL LIVE〜】","イオンモールむさし村山","SE;01 ろりぽっぷ!!!!!!!;MC;02ぽっぽ♪ポジティブ!!;03 未完成ヒロイン;04 始まりの宴!!!!!!!;MC"
2026-05-24,"『IDOL GARDEN PLACE』","S.U.B TOKYO","SE;01 乙女ロック;02 アタックサイン;03 Unknown;04 始まりの宴!!!!!!!;05 SHINY DAYS;06 未完成ヒロイン;MC"
2026-05-26,"『にぃなン 解散 LAST LIVE』","吉祥寺CLUB SEATA","SE;01 ろりぽっぷ!!!!!!!;02 未完成ヒロイン;03 MADOROMI;04 主人公;MC"
2026-05-27,"単独ライブ（ろりぽっぷ!!!!!!!単独ライブVol.15 1部 ワンコインライブ）","SUB TOKYO","SE;01 Unknown;02 乙女ロック;03 アタックサイン;04 ろりぽっぷ!!!!!!!;MC"
2026-05-27,"単独ライブ（ろりぽっぷ!!!!!!!単独ライブVol.15 2部 NONSTOP リクエストアワー）","SUB TOKYO","1 推し事〜女の子アイドルオタクあるある〜;2 SHINY DAYS;3 約束!!!!!!!;4 主人公 ;5 Unknown;6 キミノセイ、;7 MADOROMI"
2026-05-30,"「ZEST SUPER LIVE」","秋葉原ZEST","SE;01 ぽっぽ♪ポジティブ！！;02 むげんの★Lambie;03 推し事～女の子アイドルオタクあるある〜;04 始まりの宴!!!!!!!;05 約束!!!!!!!;06 乙女ロック;MC"
2026-05-31,"MOVE ON MUSIC! Vol.7","SHIBUYA CYCLONE","SE;01 約束!!!!!!!;02 キミノセイ、;03 MY DREAM MY LIFE ;04 END THE WORLD;05 アタックサイン;MC"
2026-05-31,"▼ライブジムex","下北沢シャングリラ","SE;01 未完成ヒロイン;02 Unknown;03 HELLO;MC"
2026-06-06,"ろりぽっぷ!!!!!!!3rdワンマン〜全力疾走〜","新宿ReNY","【🏮宴衣装】;～SE～;乙女ロック;推し事〜女の子アイドルオタクあるある〜;始まりの宴!!!!!!!;《①メドレー》ろりぽっぷ!!!!!!!→ぽっぽ♪ポジティブ!!→MY DREAM MY LIFE;《🍭ソロコーナー》;🤍まな「君がいるから」;🩵まう 「キラメキ☆ハジマリライン」;💚あみ 「青春スターライト」;【🖤黒衣装】;💛まゆ「-残花- 残火の花」;💙なつみ 「さよならよりもやさしく」;❤️くるみ 「MY STAGE」;（映像）;🌟新曲 「シーソーゲーム」🆕;アタックサイン;未完成ヒロイン;《②メドレー》Unknown→END THE WORLD→HELLO→SHINY DAYS;MADOROMI;主人公;【👶🏻初期衣装】～アンコール～;🌟新曲「メイク☆マイダンス」🆕;約束!!!!!!!;【🍭𝗇𝖾𝗐Tシャツ】～ダブルアンコール～;シーソーゲーム"
2026-06-13,"名古屋遠征（1本目 / mistFES2026）","Dt.BLD 3F","SE;01 ろりぽっぷ!!!!!!!;MC;02 ぽっぽ♪ポジティブ！！;03 未完成ヒロイン;04 SHINY DAYS;MC"
2026-06-13,"名古屋遠征（2本目 / mistFES2026）","X-HALL ZEN","SE;01 キミノセイ、;02 推し事～女の子アイドルオタクあるある〜;MC;03 メイク☆マイダンス;04 始まりの宴!!!!!!!;MC"
2026-06-14,"名古屋遠征（2日目 / mistFES2026）","ライオンシアター","SE;01 シーソーゲーム;02 HELLO;03 MADOROMI;04 約束!!!!!!!;MC"
2026-06-16,"il pleut pre.「イルプルFES-2会場サーキット-」","渋谷DESEO","SE;01 主人公;02 HELLO;MC;03 END THE WORLD;04 アタックサイン;05 未完成ヒロイン;MC"
2026-06-19,"マリナ・ディライト主催企画 「Say Yeah！ 〜もっとハロプロナイト〜」","新宿SAMURAI","❤️Kiss me 愛してる/ ℃-ute;💛Fantasyが始まる/ モーニング娘。;❤️初恋サイダー/ Buono!;💛Yeah！めっちゃホリディ/ 松浦亜弥"
2026-06-20,"信野樹奈 Birthday Live Tour 2026 じゅなフェス in横浜","横浜YTJホール","SE;01 ろりぽっぷ!!!!!!! ;02 推し事〜女の子アイドルオタクあるある〜 ;03 SHINY DAYS;MC"
2026-06-20,"『 緊急開催!!浅草無銭ライブ』","浅草花劇場","SE;01 始まりの宴!!!!!!!;02 ぽっぽ♪ポジティブ！！;03 未完成ヒロイン;04 シーソーゲーム;05 SHINY DAYS;06 約束!!!!!!!;MC"
2026-06-21,"「ソノウチ-day-」","日本橋PACKMAN","SE;01 シーソーゲーム;02 SHINY DAYS;03 未完成ヒロイン;04 MADOROMI;05 主人公 ;MC"
2026-06-24,"ワンコインライブ~私服公演~（JSON表記: ⚠️単独ライブ⚠️）","中野坂上SUB TOKYO","SE;01 推し事〜女の子アイドルオタクあるある〜;02 MY DREAM MY LIFE ;03 約束!!!!!!!;04 キミノセイ、;MC"
2026-06-24,"単独ライブVol.16~デビュー衣装公演~（JSON表記: ⚠️単独ライブ⚠️）","中野坂上SUB TOKYO","SE;01 ろりぽっぷ!!!!!!!;02 アタックサイン;03 むげんの☆Lambie;04 ぽっぽ♪ポジティブ!!;05 シーソーゲーム;06 メイク☆マイダンス;07 HELLO;MC"
2026-06-28,"⚠️『TOKYO GIRLS GIRLS extra!!』⚠️","APEXIA","SE;01 ろりぽっぷ!!!!!!;02 キミノセイ、;03 アタックサイン;04 未完成ヒロイン;MC"
2026-06-28,"NUANCE presents. 「primitive in the mood」","新宿MARZ","SE;01 Unknown;02 ぽっぽ♪ポジティブ!!;MC;03 未完成ヒロイン;04 シーソーゲーム;05 SHINY DAYS;06 始まりの宴!!!!!!!;MC"
2026-07-04,"メガ盛りMAX Live@ボートレース平和島","ボートレース平和島","SE;01 SHINY DAYS;02 乙女ロック;03 メイク☆マイダンス;04 始まりの宴!!!!!!!;MC"
2026-07-05,"GLiTTRE～Girl's LiT Trend～","KANDA SQUARE HALL","SE;01 Unknown;02 推し事〜女の子アイドルオタクあるある〜;03 シーソーゲーム;MC"
2026-07-11,"シンガポール（CREATORS SUPER FEST 2026 1日目）","（会場未記載）","SE;01 始まりの宴!!!!!!!;02 推し事〜女の子アイドルオタクあるある〜;MC;03 シーソーゲーム;04 ぽっぽ♪ポジティブ!!;05 SHINY DAYS;MC"
2026-07-12,"シンガポール（CREATORS SUPER FEST 2026 2日目）","（会場未記載）","SE;01 ろりぽっぷ!!!!!!!;02 ぽっぽ♪ポジティブ!!;03 HELLO;04 キミノセイ、;05 約束!!!!!!!;MC"
2026-07-19,"POP IN FESTIVAL 2026","大塚FUTURE:","SE;01 HELLO;02 ろりぽっぷ!!!!!!!;MC;03 メイク☆マイダンス;04 推し事～女の子アイドルオタクあるある〜;05 始まりの宴!!!!!!!;MC"
2026-07-19,"【UP-T FESTIVAL mini Vol.41】","SHIBUYA VIDENT","SE;01 始まりの宴!!!!!!!;02 乙女ロック;03 約束!!!!!!!;04 シーソーゲーム;05 主人公;MC"
2026-07-20,"ぽんちゃんのおたんじょうびかい（JSON表記: ライブ予定）","永山健康ランド「竹取の湯」","SE;01 始まりの宴!!!!!!!;02 アタックサイン;03 SHINY DAYS;04 ぽっぽ♪ポジティブ！！;MC"
2026-07-25,"はなまるっ Vol.147～全組25分SP～","浅草VAMPKIN","SE;01 推し事〜女の子アイドルオタクあるある〜;02 キミノセイ、;MC;03 未完成ヒロイン;04 メイク☆マイダンス;05 ろりぽっぷ!!!!!!!;MC"
2026-07-26,"「Evolving Communication and Relationships Between Boys and Girls」","神田CLUB F#","SE;01 HELLO;02 むげんの☆Lambie;03 MY DREAM MY LIFE;04 メイク☆マイダンス;05 始まりの宴!!!!!! 🔥枕投げ🔥;MC"
2026-07-26,"IDOL Treasure bottle LIVE～真夏の横浜アイドルSPLASH祭り～","日本丸メモリアルパーク 屋外メインアリーナ","SE;01 乙女ロック;MC;02 始まりの宴!!!!!!!;03 ぽっぽ♪ポジティブ！！;04 SHINY DAYS;MC"
2026-07-29,"1部ワンコインライブ（JSON未掲載／公式投稿あり）","中野坂上SUB TOKYO","SE;01 ろりぽっぷ!!!!!!;02 むげんの☆Lambie;03 MY DREAM MY LIFE;04 乙女ロック;MC❤️💙🤍衣装くじ引き🩵💛💚"
2026-07-29,"2部単独ライブ Vol.17 カラーチェンジ公演（歌割りシャッフル）","中野坂上SUB TOKYO","SE;01 始まりの宴!!!!!!!;02 キミノセイ、;MC;03 約束!!!!!!!;04 Unknown;05 推し事～女の子アイドルオタクあるある〜;06 メイク☆マイダンス;MC"
2026-08-01,"MOVE ON MUSIC! Special","新高円寺LOFT X","SE;01 乙女ロック;02 キミノセイ、;03 Unknown ;MC;04 アタックサイン;05 END THE WORLD;06 MADOROMI;07 未完成ヒロイン;08 シーソーゲーム;09 約束!!!!!!!"
2026-08-02,"TOKYO GIRLS GIRLS extra!!","Viblue EBISU","SE;01 ろりぽっぷ!!!!!!!;MC;02 キミノセイ、;03 むげんの☆Lambie;04 始まりの宴!!!!!!!;MC"
2026-08-02,"UNIVERSE企画『Dance party』","新宿MARZ","SE;01 シーソーゲーム;02 アタックサイン;MC;03 始まりの宴!!!!!!!;04 SHINY DAYS;05 未完成ヒロイン;06 主人公;MC"
2026-08-08,"【ポッケからきゅんっふぇす！】","新宿Zirco Tokyo","SE;01 推し事〜女の子アイドルオタクあるある〜;02 ぽっぽ♪ポジティブ!!;03 未完成ヒロイン;04約束!!!!!!!;MC"
2026-08-09,"【IDOL ∞ INFINITY HOLIDAY SP 2026】","白金高輪SELENE b2","SE;01 HELLO ;02 キミノセイ、;03 アタックサイン;04 SHINY DAYS;MC"
2026-08-09,"「SHIBUYA KAWAII SUPER LIVE 2026」","渋谷近未来会館","SE;01 Unknown;02 END THE WORLD;03 始まりの宴!!!!!!!;04 シーソーゲーム;MC"
2026-08-10,"⚠️動員重要ライブ⚠️『idolliveinfoREAL』","新宿DHNoA","SE;01 ろりぽっぷ!!!!!!!;MC;02 ぽっぽ♪ポジティブ!!;03 アタックサイン;04 SHINY DAYS;05 始まりの宴!!!!!!!;MC"
2026-08-11,"苺花なつみ生誕祭 × 卒業ライブ","新宿MARZ","SE;01 キミノセイ、;02 未完成ヒロイン;03 メイク☆マイダンス;MC;04 魔性少女 💙💚🩵💛;05 さよならよりもやさしく💙;06 ルカルカ★ナイトフィーバー💙🤍❤️;07 始まりの宴!!!!!!!;08 乙女ロック;09 Unknown;10 推し事〜女の子アイドルオタクあるある〜;11 アタックサイン;12 約束!!!!!!!;MC;💫アンコール💫;13 主人公"
2026-08-14,"『IDOL Treasure bottle LIVE～真夏の立川アイドルSPLASH祭り～【DAY4】』","コモンズ 立川立飛","SE;01 SHINY DAYS;MC;02 MY DREAM MY LIFE;03 メイク☆マイダンス;04 始まりの宴!!!!!!!;MC"
2026-08-15,"POPGALAXY2026","お台場R地区","SE;01 始まりの宴!!!!!!!;MC;02 乙女ロック;03 MADOROMI;04 ろりぽっぷ!!!!!!!;MC"
2026-08-22,"ガラストロメ!!","TOKYOSQUARE in Itabashi","SE;01 始まりの宴!!!!!!!;02 乙女ロック;03 推し事〜女の子アイドルオタクあるある〜;04 MADOROMI;05 シーソーゲーム;06 SHINY DAYS;MC"
2026-08-24,"「idolliveinfo REAL」","新宿DHNoA","SE;01 始まりの宴!!!!!!!;02 推し事〜女の子アイドルオタクあるある〜;03 未完成ヒロイン;04 シーソーゲーム;05 END THE WORLD;MC"
2026-08-26,"単独ライブ（1部ワンコインライブ）","中野坂上SUB TOKYO","SE;01 推し事〜女の子アイドルオタクあるある〜;MC;02 キミノセイ、;03 ろりぽっぷ!!!!!!!;04 始まりの宴!!!!!!!;MC"
2026-08-26,"単独ライブ（2部 Vol.18 夏曲お披露目公演）","中野坂上SUB TOKYO","SE;01 Singularity;MC;02 夏色ラムネ🆕;03 乙女ロック;04 アタックサイン;05 約束!!!!!!!;06 夏色ラムネ🆕;MC"
